question,response
What are the current interest rates for your savings accounts?,"The current interest rate for our standard savings account is 1.25% APY. For the most accurate and up-to-date rates, please visit our website or contact a representative at your nearest branch."
How do I apply for a personal loan through FutureBank?,"You can apply for a personal loan online through our website, by visiting any of our branches, or by calling our customer service hotline at 1-800-123-4567. The application process is quick and straightforward, and you’ll need to provide your personal information, employment details, and financial history."
What steps should I take if I suspect fraudulent activity on my account?,"If you suspect fraudulent activity on your account, please contact our 24/7 customer service hotline immediately at 1-800-123-4567. We will help secure your account, investigate the issue, and guide you through the next steps to protect your finances."
Are there any fees associated with using ATMs outside of FutureBank's network?,"Yes, using ATMs outside of FutureBank’s network may incur fees. The fee varies depending on the ATM used and your specific account type. Please refer to your account’s terms and conditions or contact us for more detailed information."
Can I set up automatic bill payments through your online banking platform?,"Yes, you can set up automatic bill payments through our online banking platform. Simply log in to your account, go to the bill payment section, and follow the prompts to set up automatic payments for your recurring bills."
How long does it take to process an international wire transfer?,"International wire transfers typically take 1-3 business days to process, depending on the destination country and the receiving bank. Delays may occur due to time zone differences, currency conversions, or local banking regulations."
What documents do I need to provide to open a business account?,"To open a business account with FutureBank, you will need to provide the following documents: A valid government-issued ID, Your Social Security Number or Tax Identification Number (TIN), Business license or registration, Articles of incorporation (if applicable), Proof of address for the business. Additional documents may be required based on your business type."
How do I update my contact information for my FutureBank account?,"You can update your contact information by logging into your online banking account, navigating to the profile settings, and editing your details. Alternatively, you can visit a branch or contact customer service at 1-800-123-4567 to make the changes."
Does FutureBank offer any special programs for first-time homebuyers?,"Yes, FutureBank offers special programs for first-time homebuyers, including lower down payments, competitive interest rates, and financial counseling. Please contact one of our mortgage specialists to learn more about the options available."
What are the penalties for withdrawing funds from a CD before it matures?,I am unsure what CD in your question refers to. Please provide additional information.