question,response,rating,edited_gt,sme_feedback,new_response,auto_evaluation,rational
Why can't I login?,Your might have forgotten your password. Please double check the error message to validate.,ACCEPT,nan,nan,"Thank you for reaching out to us. I'm sorry to hear that you're having trouble logging in. There could be several reasons why you might be experiencing this issue:

1. **Incorrect Credentials**: Please ensure that you are entering the correct username and password. If you have forgotten your login information, you can reset it by clicking on the ""Forgot Username or Password"" link on the login page.

2. **Account Lock**: If you have attempted to log in multiple times with incorrect credentials, your account may be temporarily locked for security reasons. In this case, please wait for 15 minutes and try again. If the issue persists, you may need to contact our customer service for further assistance.

3. **Browser Issues**: Sometimes, browser settings or cache can cause login problems. Try clearing your browser cache or using a different browser to see if that resolves the issue.

4. **System Maintenance**: Occasionally, our system may be undergoing maintenance, which can temporarily affect login capabilities. Please check our website for any maintenance notifications.

If you continue to experience issues, please contact our customer service team for further assistance. You can reach us at [customer service telephone number] or via email at [customer service email address]. Our representatives are available to help you during our operational hours, which you can find at bank.com/hours.

We appreciate your patience and understanding. If you have any other questions or need further assistance, please let us know.",ACCEPT,"The new response significantly surpasses the old response in terms of quality, granularity, and relevance. 

1. **Quality**: The new response is more comprehensive and empathetic, providing a structured and polite introduction that acknowledges the user's issue. It is clear, coherent, and maintains a professional tone throughout.

2. **Granularity**: The new response offers detailed troubleshooting steps, covering multiple potential causes for the login issue, such as incorrect credentials, account lock, browser issues, and system maintenance. It also provides specific actions the user can take to resolve each issue, which the old response lacks.

3. **Relevance**: The new response is highly relevant to the user's potential concerns, addressing not just the forgotten password but also other common login issues. It also includes contact information for further assistance, enhancing its utility.

Overall, the new response is more informative and user-friendly, making it superior to the old response."
How can I reset my online banking password?,"To reset your online banking password, simply click on the “Forgot Password” link on the login page, and follow the instructions. You will need to verify your identity using your registered phone number.",REJECT,nan,The response is partially correct but missing critical details. Users can verify their identity using either their registered email or phone number. Including both options provides complete information,"Thank you for reaching out to us. To reset your online banking password, please follow these steps:

1. Visit our online banking login page.
2. Click on the ""Forgot Password"" link.
3. You will be prompted to enter your username and the email address associated with your account.
4. Follow the instructions sent to your email to reset your password.

If you encounter any issues or need further assistance, you can contact our customer service team at 1-800-123-4567 or email us at support@bank.com. Our representatives are available to help you during our operational hours, which you can find at bank.com/hours.

Please ensure you have access to your registered email address and mobile number for verification purposes.

Thank you for choosing our services. If you have any other questions, feel free to reach out.

Best regards,
[Your Name]
Customer Service Representative",REJECT,"The new response has improved in terms of providing detailed steps for resetting the online banking password. However, it fails to fully incorporate the SME feedback regarding the verification process. The SME feedback specifically highlighted the need to mention both email and phone number as options for identity verification. The new response only mentions the email address for verification and does not explicitly state that users can also use their registered phone number, which was a critical part of the SME feedback. Therefore, the response lacks completeness in addressing all aspects of the SME feedback.

Additionally, while the new response provides additional contact information and customer service details, these do not compensate for the missing verification option. The relevance of the SME feedback within the context of the original response is not fully realized, as the critical detail about phone verification is omitted.

Thus, the new response does not meet the criteria for accuracy, completeness, and relevance as per the SME feedback."
How can I contact customer service?,"You can reach our customer service team via phone at 1-800-123-4567, email at support@financialcompany.com, or through the live chat feature on our website.",ACCEPT,nan,nan,"Thank you for reaching out! You can contact our customer service team through several methods:

1. **Telephone Number**: You can call us at 1-800-123-4567. Our customer service representatives are available to assist you from 8 AM to 8 PM, Monday through Friday.

2. **Email Address**: You can also send us an email at support@financialcompany.com. We strive to respond to all email inquiries within 24 hours.

3. **Online Chat**: For immediate assistance, you can use our online chat feature available on our website. Our chat service is available 24/7.

For the most up-to-date information on our operational hours, please visit [bank.com/hours](http://bank.com/hours).

If you have any further questions or need additional assistance, please don't hesitate to reach out through any of the above methods. We're here to help!",ACCEPT,"The new response provides a more detailed and structured approach to presenting the contact information for the customer service team. It includes additional information about the availability of customer service representatives, response times for email inquiries, and the 24/7 availability of the online chat feature. Furthermore, it offers a link for the most up-to-date operational hours, which adds value and relevance to the response. The tone is welcoming and customer-friendly, enhancing the quality and coherence of the message. Overall, the new response exceeds the old response in terms of granularity and relevance while maintaining high quality."
What investment options do you offer?,"We offer a variety of investment options including stocks, bonds, mutual funds, ETFs, and retirement accounts such as IRAs and 401(k) plans.",REJECT,nan,Not clear enough,"Thank you for reaching out to us with your inquiry about investment options. We offer a variety of investment products to suit different financial goals and risk appetites. Here are some of the key investment options available:

1. **Savings Accounts**: Ideal for those looking for a low-risk option with easy access to funds.
2. **Certificates of Deposit (CDs)**: These offer higher interest rates compared to savings accounts but require you to lock in your money for a fixed term.
3. **Mutual Funds**: A diversified portfolio managed by professionals, suitable for medium to long-term investment goals.
4. **Stocks and Bonds**: For those interested in direct investment in the market, we offer brokerage services to buy and sell stocks and bonds.
5. **Retirement Accounts (IRAs and 401(k)s)**: Tax-advantaged accounts designed to help you save for retirement.
6. **Annuities**: Insurance products that provide a steady income stream, typically used for retirement planning.

To get started or to learn more about these options, you can visit our website or contact our customer service team. We recommend scheduling an appointment with one of our financial advisors who can provide personalized advice based on your financial situation and goals.

For further assistance, please feel free to reach out to us at 1-800-123-4567 or email us at support@bank.com. Our customer service team is available Monday through Friday from 9 AM to 6 PM. For the most up-to-date information on our operational hours, please visit bank.com/hours.

Thank you for considering us for your investment needs. We look forward to helping you achieve your financial goals.",ACCEPT,"The new response significantly improves upon the old response by providing a more comprehensive and detailed overview of the investment options available. It addresses the SME feedback regarding clarity by organizing the information into a structured list, which makes it easier for the reader to understand the different investment products offered. Additionally, the new response includes a welcoming introduction and a closing statement, enhancing the overall communication and customer engagement. It also provides actionable steps for the reader to take, such as visiting the website or contacting customer service, which were not present in the old response. This demonstrates a complete and relevant incorporation of the SME feedback, making the information more accessible and user-friendly."
